,Volume,Volume Index Date,Direction
5067,113078000,2001-01-02 00:00:00,Up
5068,204268400,2001-01-03 00:00:00,Up
5072,147232400,2001-01-09 00:00:00,Up
5074,200933600,2001-01-11 00:00:00,Up
5078,306752600,2001-01-18 00:00:00,Up
5079,194166000,2001-01-19 00:00:00,Up
5080,129831800,2001-01-22 00:00:00,Up
5081,219882600,2001-01-23 00:00:00,Up
5084,120705200,2001-01-26 00:00:00,Up
5085,213882200,2001-01-29 00:00:00,Up
5086,173105800,2001-01-30 00:00:00,Up
5087,182676200,2001-01-31 00:00:00,Up
5088,92423800,2001-02-01 00:00:00,Up
5091,115677800,2001-02-06 00:00:00,Up
5092,98471800,2001-02-07 00:00:00,Up
5093,151032000,2001-02-08 00:00:00,Up
5095,68530000,2001-02-12 00:00:00,Up
5097,77280000,2001-02-14 00:00:00,Up
5098,77854000,2001-02-15 00:00:00,Up
5099,65977800,2001-02-16 00:00:00,Up
5101,97564600,2001-02-21 00:00:00,Up
5103,73466400,2001-02-23 00:00:00,Up
5104,51609600,2001-02-26 00:00:00,Up
5105,87129000,2001-02-27 00:00:00,Up
5107,82615400,2001-03-01 00:00:00,Up
5108,101550400,2001-03-02 00:00:00,Up
5109,81043200,2001-03-05 00:00:00,Up
5110,182950600,2001-03-06 00:00:00,Up
5112,51214800,2001-03-08 00:00:00,Up
5115,110832400,2001-03-13 00:00:00,Up
5116,119443800,2001-03-14 00:00:00,Up
5118,117579000,2001-03-16 00:00:00,Up
5119,89002200,2001-03-19 00:00:00,Up
5121,92843800,2001-03-21 00:00:00,Up
5122,180825400,2001-03-22 00:00:00,Up
5123,236222000,2001-03-23 00:00:00,Up
5125,135955400,2001-03-27 00:00:00,Up
5126,146165600,2001-03-28 00:00:00,Up
5127,153266400,2001-03-29 00:00:00,Up
5132,111690600,2001-04-05 00:00:00,Up
5135,114343600,2001-04-10 00:00:00,Up
5137,74733400,2001-04-12 00:00:00,Up
5140,275210600,2001-04-18 00:00:00,Up
5141,468417600,2001-04-19 00:00:00,Up
5142,173350800,2001-04-20 00:00:00,Up
5145,82695200,2001-04-25 00:00:00,Up
5147,113253000,2001-04-27 00:00:00,Up
5149,106813000,2001-05-01 00:00:00,Up
5150,92131200,2001-05-02 00:00:00,Up
5152,70263200,2001-05-04 00:00:00,Up
5158,77305200,2001-05-14 00:00:00,Up
5160,80582600,2001-05-16 00:00:00,Up
5162,39762800,2001-05-18 00:00:00,Up
5170,110723200,2001-05-31 00:00:00,Up
5171,114018800,2001-06-01 00:00:00,Up
5173,117948600,2001-06-05 00:00:00,Up
5175,81295200,2001-06-07 00:00:00,Up
5178,75948600,2001-06-12 00:00:00,Up
5181,113656200,2001-06-15 00:00:00,Up
5184,107905000,2001-06-20 00:00:00,Up
5185,85332800,2001-06-21 00:00:00,Up
5187,109887400,2001-06-25 00:00:00,Up
5188,68195400,2001-06-26 00:00:00,Up
5190,87102400,2001-06-28 00:00:00,Up
5192,57512000,2001-07-02 00:00:00,Up
5193,28135800,2001-07-03 00:00:00,Up
5196,84366800,2001-07-09 00:00:00,Up
5198,117626600,2001-07-11 00:00:00,Up
5199,153700400,2001-07-12 00:00:00,Up
5200,113685600,2001-07-13 00:00:00,Up
5202,161957600,2001-07-17 00:00:00,Up
5205,111146000,2001-07-20 00:00:00,Up
5209,92285200,2001-07-26 00:00:00,Up
5210,83533800,2001-07-27 00:00:00,Up
5213,76034000,2001-08-01 00:00:00,Up
5214,63022400,2001-08-02 00:00:00,Up
5216,24913000,2001-08-06 00:00:00,Up
5219,50166200,2001-08-09 00:00:00,Up
5224,72023000,2001-08-16 00:00:00,Up
5225,52106600,2001-08-17 00:00:00,Up
5228,43493800,2001-08-22 00:00:00,Up
5230,72583000,2001-08-24 00:00:00,Up
5231,43911000,2001-08-27 00:00:00,Up
5234,92173200,2001-08-30 00:00:00,Up
5235,54226200,2001-08-31 00:00:00,Up
5237,90014400,2001-09-05 00:00:00,Up
5240,77211400,2001-09-10 00:00:00,Up
5241,114501800,2001-09-17 00:00:00,Up
5243,93329600,2001-09-19 00:00:00,Up
5245,142629200,2001-09-21 00:00:00,Up
5246,73634400,2001-09-24 00:00:00,Up
5249,80560200,2001-09-27 00:00:00,Up
5251,52052000,2001-10-01 00:00:00,Up
5253,170760800,2001-10-03 00:00:00,Up
5254,100280600,2001-10-04 00:00:00,Up
5255,85671600,2001-10-05 00:00:00,Up
5256,51996000,2001-10-08 00:00:00,Up
5258,76939800,2001-10-10 00:00:00,Up
5259,83540800,2001-10-11 00:00:00,Up
5260,71953000,2001-10-12 00:00:00,Up
5261,79688000,2001-10-15 00:00:00,Up
5264,153143200,2001-10-18 00:00:00,Up
5265,41697600,2001-10-19 00:00:00,Up
5266,97984600,2001-10-22 00:00:00,Up
5268,93606800,2001-10-24 00:00:00,Up
5269,63737800,2001-10-25 00:00:00,Up
5272,69190800,2001-10-30 00:00:00,Up
5274,78248800,2001-11-01 00:00:00,Up
5275,49301000,2001-11-02 00:00:00,Up
5276,58948400,2001-11-05 00:00:00,Up
5277,79004800,2001-11-06 00:00:00,Up
5278,95747400,2001-11-07 00:00:00,Up
5280,33573400,2001-11-09 00:00:00,Up
5281,50374800,2001-11-12 00:00:00,Up
5282,56168000,2001-11-13 00:00:00,Up
5283,55287400,2001-11-14 00:00:00,Up
5284,53257400,2001-11-15 00:00:00,Up
5286,83147400,2001-11-19 00:00:00,Up
5288,50395800,2001-11-21 00:00:00,Up
5289,15001000,2001-11-23 00:00:00,Up
5290,115172400,2001-11-26 00:00:00,Up
5294,75978000,2001-11-30 00:00:00,Up
5296,95104800,2001-12-04 00:00:00,Up
5297,142144800,2001-12-05 00:00:00,Up
5299,50878800,2001-12-07 00:00:00,Up
5300,42502600,2001-12-10 00:00:00,Up
5305,43428000,2001-12-17 00:00:00,Up
5306,58809800,2001-12-18 00:00:00,Up
5307,72489200,2001-12-19 00:00:00,Up
5310,12657400,2001-12-24 00:00:00,Up
5311,36600200,2001-12-26 00:00:00,Up
5312,47877200,2001-12-27 00:00:00,Up
5313,74781000,2001-12-28 00:00:00,Up
5315,132374200,2002-01-02 00:00:00,Up
5316,153001800,2002-01-03 00:00:00,Up
5317,102494000,2002-01-04 00:00:00,Up
5321,113184400,2002-01-10 00:00:00,Up
5323,103999000,2002-01-14 00:00:00,Up
5324,72580200,2002-01-15 00:00:00,Up
5326,165144000,2002-01-17 00:00:00,Up
5327,84702800,2002-01-18 00:00:00,Up
5329,110819800,2002-01-23 00:00:00,Up
5330,86000600,2002-01-24 00:00:00,Up
5331,46478600,2002-01-25 00:00:00,Up
5334,117894000,2002-01-30 00:00:00,Up
5335,117111400,2002-01-31 00:00:00,Up
5336,99576400,2002-02-01 00:00:00,Up
5337,130593400,2002-02-04 00:00:00,Up
5338,114221800,2002-02-05 00:00:00,Up
5342,99650600,2002-02-11 00:00:00,Up
5343,56070000,2002-02-12 00:00:00,Up
5344,78218000,2002-02-13 00:00:00,Up
5348,71360800,2002-02-20 00:00:00,Up
5350,101619000,2002-02-22 00:00:00,Up
5351,106712200,2002-02-25 00:00:00,Up
5355,87248000,2002-03-01 00:00:00,Up
5356,87064600,2002-03-04 00:00:00,Up
5358,56551600,2002-03-06 00:00:00,Up
5359,64562400,2002-03-07 00:00:00,Up
5361,65696400,2002-03-11 00:00:00,Up
5362,63513800,2002-03-12 00:00:00,Up
5363,50191400,2002-03-13 00:00:00,Up
5364,54324200,2002-03-14 00:00:00,Up
5365,60225200,2002-03-15 00:00:00,Up
5367,60586400,2002-03-19 00:00:00,Up
5368,73579800,2002-03-20 00:00:00,Up
5369,154088200,2002-03-21 00:00:00,Up
5372,64460200,2002-03-26 00:00:00,Up
5373,31925600,2002-03-27 00:00:00,Up
5375,49761600,2002-04-01 00:00:00,Up
5376,50948800,2002-04-02 00:00:00,Up
5378,84624400,2002-04-04 00:00:00,Up
5380,65378600,2002-04-08 00:00:00,Up
5382,56245000,2002-04-10 00:00:00,Up
5384,80060400,2002-04-12 00:00:00,Up
5386,153644400,2002-04-16 00:00:00,Up
5387,99062600,2002-04-17 00:00:00,Up
5393,48550600,2002-04-25 00:00:00,Up
5395,68072200,2002-04-29 00:00:00,Up
5396,70240800,2002-04-30 00:00:00,Up
5402,109170600,2002-05-08 00:00:00,Up
5405,66402000,2002-05-13 00:00:00,Up
5406,131626600,2002-05-14 00:00:00,Up
5408,56763000,2002-05-16 00:00:00,Up
5410,67478600,2002-05-20 00:00:00,Up
5412,72718800,2002-05-22 00:00:00,Up
5413,92349600,2002-05-23 00:00:00,Up
5415,37429000,2002-05-28 00:00:00,Up
5416,55448400,2002-05-29 00:00:00,Up
5417,49093800,2002-05-30 00:00:00,Up
5424,69393800,2002-06-10 00:00:00,Up
5428,106225000,2002-06-14 00:00:00,Up
5429,81152400,2002-06-17 00:00:00,Up
5434,107983400,2002-06-24 00:00:00,Up
5437,62914600,2002-06-27 00:00:00,Up
5438,67464600,2002-06-28 00:00:00,Up
5441,49757400,2002-07-03 00:00:00,Up
5442,40412400,2002-07-05 00:00:00,Up
5446,93419200,2002-07-11 00:00:00,Up
5448,73998400,2002-07-15 00:00:00,Up
5452,96301800,2002-07-19 00:00:00,Up
5453,107724400,2002-07-22 00:00:00,Up
5455,101648400,2002-07-24 00:00:00,Up
5458,68740000,2002-07-29 00:00:00,Up
5459,88709600,2002-07-30 00:00:00,Up
5464,68013400,2002-08-06 00:00:00,Up
5466,56837200,2002-08-08 00:00:00,Up
5468,44941400,2002-08-12 00:00:00,Up
5470,99771000,2002-08-14 00:00:00,Up
5471,80519600,2002-08-15 00:00:00,Up
5472,61306000,2002-08-16 00:00:00,Up
5473,54139400,2002-08-19 00:00:00,Up
5475,50607200,2002-08-21 00:00:00,Up
5481,41042400,2002-08-29 00:00:00,Up
5482,48379800,2002-08-30 00:00:00,Up
5484,105165200,2002-09-04 00:00:00,Up
5487,39561200,2002-09-09 00:00:00,Up
5491,70737800,2002-09-13 00:00:00,Up
5492,71660400,2002-09-16 00:00:00,Up
5493,106999200,2002-09-17 00:00:00,Up
5494,82160400,2002-09-18 00:00:00,Up
5496,88197200,2002-09-20 00:00:00,Up
5497,65927400,2002-09-23 00:00:00,Up
5498,62665400,2002-09-24 00:00:00,Up
5499,63670600,2002-09-25 00:00:00,Up
5501,51538200,2002-09-27 00:00:00,Up
5502,59424400,2002-09-30 00:00:00,Up
5505,54474000,2002-10-03 00:00:00,Up
5509,89171600,2002-10-09 00:00:00,Up
5510,80393600,2002-10-10 00:00:00,Up
5511,73669400,2002-10-11 00:00:00,Up
5512,48601000,2002-10-14 00:00:00,Up
5516,72074800,2002-10-18 00:00:00,Up
5517,59630200,2002-10-21 00:00:00,Up
5518,54537000,2002-10-22 00:00:00,Up
5519,52259200,2002-10-23 00:00:00,Up
5521,69767600,2002-10-25 00:00:00,Up
5522,87325000,2002-10-28 00:00:00,Up
5524,67669000,2002-10-30 00:00:00,Up
5525,73959200,2002-10-31 00:00:00,Up
5526,47457200,2002-11-01 00:00:00,Up
5527,94204600,2002-11-04 00:00:00,Up
5528,52673600,2002-11-05 00:00:00,Up
5529,54097400,2002-11-06 00:00:00,Up
5533,55948200,2002-11-12 00:00:00,Up
5534,57934800,2002-11-13 00:00:00,Up
5535,35428400,2002-11-14 00:00:00,Up
5539,52185000,2002-11-20 00:00:00,Up
5540,104620600,2002-11-21 00:00:00,Up
5544,71699600,2002-11-27 00:00:00,Up
5550,61339600,2002-12-06 00:00:00,Up
5552,77152600,2002-12-10 00:00:00,Up
5553,63375200,2002-12-11 00:00:00,Up
5556,62906200,2002-12-16 00:00:00,Up
5557,55665400,2002-12-17 00:00:00,Up
5561,31456600,2002-12-23 00:00:00,Up
5566,50181600,2002-12-31 00:00:00,Up
5567,45357200,2003-01-02 00:00:00,Up
5568,36863400,2003-01-03 00:00:00,Up
5570,85586200,2003-01-07 00:00:00,Up
5572,53813200,2003-01-09 00:00:00,Up
5573,43775200,2003-01-10 00:00:00,Up
5577,139767600,2003-01-16 00:00:00,Up
5581,57064000,2003-01-23 00:00:00,Up
5583,97851600,2003-01-27 00:00:00,Up
5584,71563800,2003-01-28 00:00:00,Up
5585,93261000,2003-01-29 00:00:00,Up
5587,85306200,2003-01-31 00:00:00,Up
5588,66196200,2003-02-03 00:00:00,Up
5589,79353400,2003-02-04 00:00:00,Up
5591,44787400,2003-02-06 00:00:00,Up
5593,41972000,2003-02-10 00:00:00,Up
5595,57171800,2003-02-12 00:00:00,Up
5596,52123400,2003-02-13 00:00:00,Up
5597,60824400,2003-02-14 00:00:00,Up
5598,72724400,2003-02-18 00:00:00,Up
5601,39361000,2003-02-21 00:00:00,Up
5603,47160400,2003-02-25 00:00:00,Up
5605,38585400,2003-02-27 00:00:00,Up
5606,48774600,2003-02-28 00:00:00,Up
5609,31670800,2003-03-05 00:00:00,Up
5611,50246000,2003-03-07 00:00:00,Up
5614,55640200,2003-03-12 00:00:00,Up
5615,83861400,2003-03-13 00:00:00,Up
5616,38274600,2003-03-14 00:00:00,Up
5617,99978200,2003-03-17 00:00:00,Up
5618,57495200,2003-03-18 00:00:00,Up
5623,41924400,2003-03-25 00:00:00,Up
5625,30598400,2003-03-27 00:00:00,Up
5626,36325800,2003-03-28 00:00:00,Up
5629,42842800,2003-04-02 00:00:00,Up
5635,26775000,2003-04-10 00:00:00,Up
5639,254044000,2003-04-16 00:00:00,Up
5641,38080000,2003-04-21 00:00:00,Up
5642,75142200,2003-04-22 00:00:00,Up
5643,52420200,2003-04-23 00:00:00,Up
5646,159199600,2003-04-28 00:00:00,Up
5647,114559200,2003-04-29 00:00:00,Up
5648,114543800,2003-04-30 00:00:00,Up
5649,85689800,2003-05-01 00:00:00,Up
5651,388927000,2003-05-05 00:00:00,Up
5652,378623000,2003-05-06 00:00:00,Up
5653,263594800,2003-05-07 00:00:00,Up
5654,171934000,2003-05-08 00:00:00,Up
5656,104843200,2003-05-12 00:00:00,Up
5657,111699000,2003-05-13 00:00:00,Up
5659,71248800,2003-05-15 00:00:00,Up
5660,85407000,2003-05-16 00:00:00,Up
5663,76252400,2003-05-21 00:00:00,Up
5664,44615200,2003-05-22 00:00:00,Up
5665,51679600,2003-05-23 00:00:00,Up
5666,72532600,2003-05-27 00:00:00,Up
5672,67800600,2003-06-04 00:00:00,Up
5673,51374400,2003-06-05 00:00:00,Up
5676,44161600,2003-06-10 00:00:00,Up
5677,56278600,2003-06-11 00:00:00,Up
5678,63147000,2003-06-12 00:00:00,Up
5680,59631600,2003-06-16 00:00:00,Up
5682,113745800,2003-06-18 00:00:00,Up
5687,82453000,2003-06-25 00:00:00,Up
5688,40426400,2003-06-26 00:00:00,Up
5690,55538000,2003-06-30 00:00:00,Up
5691,45248000,2003-07-01 00:00:00,Up
5692,81324600,2003-07-02 00:00:00,Up
5693,34442800,2003-07-03 00:00:00,Up
5694,71568000,2003-07-07 00:00:00,Up
5695,64184400,2003-07-08 00:00:00,Up
5698,34214600,2003-07-11 00:00:00,Up
5702,187803000,2003-07-17 00:00:00,Up
5708,54171600,2003-07-25 00:00:00,Up
5712,75366200,2003-07-31 00:00:00,Up
5714,57528800,2003-08-04 00:00:00,Up
5717,43594600,2003-08-07 00:00:00,Up
5721,71024800,2003-08-13 00:00:00,Up
5724,48193600,2003-08-18 00:00:00,Up
5726,68303200,2003-08-20 00:00:00,Up
5727,63831600,2003-08-21 00:00:00,Up
5729,34445600,2003-08-25 00:00:00,Up
5730,41239800,2003-08-26 00:00:00,Up
5731,56425600,2003-08-27 00:00:00,Up
5732,79906400,2003-08-28 00:00:00,Up
5733,65788800,2003-08-29 00:00:00,Up
5734,60533200,2003-09-02 00:00:00,Up
5735,67207000,2003-09-03 00:00:00,Up
5738,41811000,2003-09-08 00:00:00,Up
5741,53421200,2003-09-11 00:00:00,Up
5742,44997400,2003-09-12 00:00:00,Up
5744,67251800,2003-09-16 00:00:00,Up
5746,63226800,2003-09-18 00:00:00,Up
5749,33112800,2003-09-23 00:00:00,Up
5752,86812600,2003-09-26 00:00:00,Up
5755,59028200,2003-10-01 00:00:00,Up
5757,74900000,2003-10-03 00:00:00,Up
5758,67082400,2003-10-06 00:00:00,Up
5759,104543600,2003-10-07 00:00:00,Up
5761,86937200,2003-10-09 00:00:00,Up
5762,43709400,2003-10-10 00:00:00,Up
5763,69966400,2003-10-13 00:00:00,Up
5764,68854800,2003-10-14 00:00:00,Up
5768,69783000,2003-10-20 00:00:00,Up
5771,41302800,2003-10-23 00:00:00,Up
5772,54964000,2003-10-24 00:00:00,Up
5774,62928600,2003-10-28 00:00:00,Up
5775,66770200,2003-10-29 00:00:00,Up
5778,75710600,2003-11-03 00:00:00,Up
5780,80617600,2003-11-05 00:00:00,Up
5781,99268400,2003-11-06 00:00:00,Up
5785,75000800,2003-11-12 00:00:00,Up
5786,53193000,2003-11-13 00:00:00,Up
5791,59897600,2003-11-20 00:00:00,Up
5793,95456200,2003-11-24 00:00:00,Up
5796,19024600,2003-11-28 00:00:00,Up
5797,90384000,2003-12-01 00:00:00,Up
5800,44485000,2003-12-04 00:00:00,Up
5802,37059400,2003-12-08 00:00:00,Up
5805,45784200,2003-12-11 00:00:00,Up
5810,82728800,2003-12-18 00:00:00,Up
5812,94266200,2003-12-22 00:00:00,Up
5814,44368800,2003-12-24 00:00:00,Up
5815,25923800,2003-12-26 00:00:00,Up
5816,58364600,2003-12-29 00:00:00,Up
5817,51213400,2003-12-30 00:00:00,Up
5818,43612800,2003-12-31 00:00:00,Up
5820,98754600,2004-01-05 00:00:00,Up
5822,146718600,2004-01-07 00:00:00,Up
5823,115075800,2004-01-08 00:00:00,Up
5825,121886800,2004-01-12 00:00:00,Up
5830,78986600,2004-01-20 00:00:00,Up
5833,56792400,2004-01-23 00:00:00,Up
5834,67817400,2004-01-26 00:00:00,Up
5835,76767600,2004-01-27 00:00:00,Up
5837,53174800,2004-01-29 00:00:00,Up
5842,88211200,2004-02-05 00:00:00,Up
5843,48335000,2004-02-06 00:00:00,Up
5844,47065200,2004-02-09 00:00:00,Up
5845,63835800,2004-02-10 00:00:00,Up
5846,87136000,2004-02-11 00:00:00,Up
5847,45997000,2004-02-12 00:00:00,Up
5849,42739200,2004-02-17 00:00:00,Up
5850,35408800,2004-02-18 00:00:00,Up
5854,64764000,2004-02-24 00:00:00,Up
5855,69069000,2004-02-25 00:00:00,Up
5856,49602000,2004-02-26 00:00:00,Up
5857,117209400,2004-02-27 00:00:00,Up
5860,56282800,2004-03-03 00:00:00,Up
5861,165055800,2004-03-04 00:00:00,Up
5862,385149800,2004-03-05 00:00:00,Up
5864,154590800,2004-03-09 00:00:00,Up
5865,251741000,2004-03-10 00:00:00,Up
5867,82306000,2004-03-12 00:00:00,Up
5870,102858000,2004-03-17 00:00:00,Up
5872,102144000,2004-03-19 00:00:00,Up
5873,104757800,2004-03-22 00:00:00,Up
5875,107053800,2004-03-24 00:00:00,Up
5876,141611400,2004-03-25 00:00:00,Up
5877,104973400,2004-03-26 00:00:00,Up
5878,87682000,2004-03-29 00:00:00,Up
5879,89919200,2004-03-30 00:00:00,Up
5881,79583000,2004-04-01 00:00:00,Up
5883,96418000,2004-04-05 00:00:00,Up
5884,64498000,2004-04-06 00:00:00,Up
5887,57635200,2004-04-12 00:00:00,Up
5890,440361600,2004-04-15 00:00:00,Up
5891,100732800,2004-04-16 00:00:00,Up
5892,178088400,2004-04-19 00:00:00,Up
5894,81468800,2004-04-21 00:00:00,Up
5895,86146200,2004-04-22 00:00:00,Up
5896,78957200,2004-04-23 00:00:00,Up
5900,115197600,2004-04-29 00:00:00,Up
5902,74408600,2004-05-03 00:00:00,Up
5903,69995800,2004-05-04 00:00:00,Up
5904,59526600,2004-05-05 00:00:00,Up
5905,65889600,2004-05-06 00:00:00,Up
5906,104759200,2004-05-07 00:00:00,Up
5907,62494600,2004-05-10 00:00:00,Up
5908,76293000,2004-05-11 00:00:00,Up
5909,61355000,2004-05-12 00:00:00,Up
5910,57463000,2004-05-13 00:00:00,Up
5913,51515800,2004-05-18 00:00:00,Up
5915,49074200,2004-05-20 00:00:00,Up
5916,44973600,2004-05-21 00:00:00,Up
5917,58900800,2004-05-24 00:00:00,Up
5918,79994600,2004-05-25 00:00:00,Up
5919,80542000,2004-05-26 00:00:00,Up
5922,45533600,2004-06-01 00:00:00,Up
5923,79678200,2004-06-02 00:00:00,Up
5925,99778000,2004-06-04 00:00:00,Up
5926,73969000,2004-06-07 00:00:00,Up
5927,103905200,2004-06-08 00:00:00,Up
5928,87301200,2004-06-09 00:00:00,Up
5929,64394400,2004-06-10 00:00:00,Up
5931,111158600,2004-06-15 00:00:00,Up
5932,227410400,2004-06-16 00:00:00,Up
5933,137830000,2004-06-17 00:00:00,Up
5934,101563000,2004-06-18 00:00:00,Up
5936,90127800,2004-06-22 00:00:00,Up
5937,97717200,2004-06-23 00:00:00,Up
5939,80857000,2004-06-25 00:00:00,Up
5941,147638400,2004-06-29 00:00:00,Up
5943,85485400,2004-07-01 00:00:00,Up
5944,227670800,2004-07-02 00:00:00,Up
5947,58345000,2004-07-08 00:00:00,Up
5951,208950000,2004-07-14 00:00:00,Up
5952,441931000,2004-07-15 00:00:00,Up
5955,80936800,2004-07-20 00:00:00,Up
5957,83529600,2004-07-22 00:00:00,Up
5959,98483000,2004-07-26 00:00:00,Up
5960,106251600,2004-07-27 00:00:00,Up
5962,55539400,2004-07-29 00:00:00,Up
5964,91273000,2004-08-02 00:00:00,Up
5966,69122200,2004-08-04 00:00:00,Up
5969,72711800,2004-08-09 00:00:00,Up
5970,87759000,2004-08-10 00:00:00,Up
5973,82012000,2004-08-13 00:00:00,Up
5975,80754800,2004-08-17 00:00:00,Up
5976,91163800,2004-08-18 00:00:00,Up
5978,79195200,2004-08-20 00:00:00,Up
5979,63665000,2004-08-23 00:00:00,Up
5980,93534000,2004-08-24 00:00:00,Up
5981,126404600,2004-08-25 00:00:00,Up
5982,238964600,2004-08-26 00:00:00,Up
5984,54535600,2004-08-30 00:00:00,Up
5985,94140200,2004-08-31 00:00:00,Up
5986,128931600,2004-09-01 00:00:00,Up
5987,101581200,2004-09-02 00:00:00,Up
5988,73367000,2004-09-03 00:00:00,Up
5989,75489400,2004-09-07 00:00:00,Up
5990,85881600,2004-09-08 00:00:00,Up
5992,82003600,2004-09-10 00:00:00,Up
5994,63705600,2004-09-14 00:00:00,Up
5996,125479200,2004-09-16 00:00:00,Up
5997,125577200,2004-09-17 00:00:00,Up
5998,61250000,2004-09-20 00:00:00,Up
5999,96663000,2004-09-21 00:00:00,Up
6001,99351000,2004-09-23 00:00:00,Up
6003,99379000,2004-09-27 00:00:00,Up
6004,88296600,2004-09-28 00:00:00,Up
6005,68377400,2004-09-29 00:00:00,Up
6009,101540600,2004-10-05 00:00:00,Up
6010,111575800,2004-10-06 00:00:00,Up
6015,290752000,2004-10-13 00:00:00,Up
6016,692106800,2004-10-14 00:00:00,Up
6017,257782000,2004-10-15 00:00:00,Up
6018,300188000,2004-10-18 00:00:00,Up
6020,151277000,2004-10-20 00:00:00,Up
6021,181126400,2004-10-21 00:00:00,Up
6023,98161000,2004-10-25 00:00:00,Up
6024,148590400,2004-10-26 00:00:00,Up
6025,298373600,2004-10-27 00:00:00,Up
6026,216066200,2004-10-28 00:00:00,Up
6027,202554800,2004-10-29 00:00:00,Up
6029,182497000,2004-11-02 00:00:00,Up
6030,301043400,2004-11-03 00:00:00,Up
6033,131730200,2004-11-08 00:00:00,Up
6035,127169000,2004-11-10 00:00:00,Up
6036,101824800,2004-11-11 00:00:00,Up
6037,98925400,2004-11-12 00:00:00,Up
6038,94011400,2004-11-15 00:00:00,Up
6041,114787400,2004-11-18 00:00:00,Up
6045,347697000,2004-11-24 00:00:00,Up
6049,200138400,2004-12-01 00:00:00,Up
6052,311980200,2004-12-06 00:00:00,Up
6054,172975600,2004-12-08 00:00:00,Up
6055,185375400,2004-12-09 00:00:00,Up
6056,193943400,2004-12-10 00:00:00,Up
6059,99590400,2004-12-15 00:00:00,Up
6060,281528800,2004-12-16 00:00:00,Up
6063,266103600,2004-12-21 00:00:00,Up
6064,141457400,2004-12-22 00:00:00,Up
6065,61482400,2004-12-23 00:00:00,Up
6067,152938800,2004-12-28 00:00:00,Up
6068,112390600,2004-12-29 00:00:00,Up
6072,274202600,2005-01-04 00:00:00,Up
6073,170108400,2005-01-05 00:00:00,Up
6075,556862600,2005-01-07 00:00:00,Up
6078,479925600,2005-01-12 00:00:00,Up
6081,251615000,2005-01-18 00:00:00,Up
6083,228730600,2005-01-20 00:00:00,Up
6086,242307800,2005-01-25 00:00:00,Up
6088,124056800,2005-01-27 00:00:00,Up
6089,200403000,2005-01-28 00:00:00,Up
6090,420274400,2005-01-31 00:00:00,Up
6091,169598800,2005-02-01 00:00:00,Up
6092,255015600,2005-02-02 00:00:00,Up
6094,140889000,2005-02-04 00:00:00,Up
6095,131114200,2005-02-07 00:00:00,Up
6096,222504800,2005-02-08 00:00:00,Up
6099,300263600,2005-02-11 00:00:00,Up
6100,317865800,2005-02-14 00:00:00,Up
6101,578054400,2005-02-15 00:00:00,Up
6102,409810800,2005-02-16 00:00:00,Up
6106,336295400,2005-02-23 00:00:00,Up
6107,379757000,2005-02-24 00:00:00,Up
6109,162902600,2005-02-28 00:00:00,Up
6113,189154700,2005-03-04 00:00:00,Up
6117,194277300,2005-03-10 00:00:00,Up
6118,158207700,2005-03-11 00:00:00,Up
6120,127152200,2005-03-15 00:00:00,Up
6122,200480000,2005-03-17 00:00:00,Up
6124,135282000,2005-03-21 00:00:00,Up
6126,152455800,2005-03-23 00:00:00,Up
6130,98739900,2005-03-30 00:00:00,Up
6133,145003600,2005-04-04 00:00:00,Up
6134,139059900,2005-04-05 00:00:00,Up
6136,126746900,2005-04-07 00:00:00,Up
6137,162487500,2005-04-08 00:00:00,Up
6139,245265300,2005-04-12 00:00:00,Up
6143,331794400,2005-04-18 00:00:00,Up
6144,270410700,2005-04-19 00:00:00,Up
6146,189898100,2005-04-21 00:00:00,Up
6148,186615100,2005-04-25 00:00:00,Up
6150,153472200,2005-04-27 00:00:00,Up
6153,116480000,2005-05-02 00:00:00,Up
6155,112044100,2005-05-04 00:00:00,Up
6157,81561900,2005-05-06 00:00:00,Up
6160,510495300,2005-05-11 00:00:00,Up
6162,175678300,2005-05-13 00:00:00,Up
6163,118573700,2005-05-16 00:00:00,Up
6164,147086100,2005-05-17 00:00:00,Up
6165,159180700,2005-05-18 00:00:00,Up
6166,198290400,2005-05-19 00:00:00,Up
6167,113162700,2005-05-20 00:00:00,Up
6168,260643600,2005-05-23 00:00:00,Up
6169,148365000,2005-05-24 00:00:00,Up
6170,99001700,2005-05-25 00:00:00,Up
6171,131380200,2005-05-26 00:00:00,Up
6174,113453200,2005-06-01 00:00:00,Up
6176,239217300,2005-06-03 00:00:00,Up
6179,101001600,2005-06-08 00:00:00,Up
6180,97563900,2005-06-09 00:00:00,Up
6182,108943100,2005-06-13 00:00:00,Up
6183,86961700,2005-06-14 00:00:00,Up
6184,140835800,2005-06-15 00:00:00,Up
6185,136918600,2005-06-16 00:00:00,Up
6188,92631700,2005-06-21 00:00:00,Up
6189,106231300,2005-06-22 00:00:00,Up
6190,168563500,2005-06-23 00:00:00,Up
6192,150042900,2005-06-27 00:00:00,Up
6195,104597500,2005-06-30 00:00:00,Up
6197,113567300,2005-07-05 00:00:00,Up
6199,95930800,2005-07-07 00:00:00,Up
6200,72683800,2005-07-08 00:00:00,Up
6202,96759600,2005-07-12 00:00:00,Up
6203,171208800,2005-07-13 00:00:00,Up
6205,171920700,2005-07-15 00:00:00,Up
6206,146574400,2005-07-18 00:00:00,Up
6207,167765500,2005-07-19 00:00:00,Up
6208,113348900,2005-07-20 00:00:00,Up
6210,75276600,2005-07-22 00:00:00,Up
6213,70937300,2005-07-27 00:00:00,Up
6216,78562400,2005-08-01 00:00:00,Up
6217,74218900,2005-08-02 00:00:00,Up
6218,64580600,2005-08-03 00:00:00,Up
6220,60482800,2005-08-05 00:00:00,Up
6222,95209800,2005-08-09 00:00:00,Up
6224,67995900,2005-08-11 00:00:00,Up
6225,229009200,2005-08-12 00:00:00,Up
6226,271681900,2005-08-15 00:00:00,Up
6228,124931100,2005-08-17 00:00:00,Up
6233,143017700,2005-08-24 00:00:00,Up
6236,64073800,2005-08-29 00:00:00,Up
6237,129690400,2005-08-30 00:00:00,Up
6238,100739100,2005-08-31 00:00:00,Up
6241,204654800,2005-09-06 00:00:00,Up
6243,175660100,2005-09-08 00:00:00,Up
6244,153910400,2005-09-09 00:00:00,Up
6245,113199100,2005-09-12 00:00:00,Up
6249,147751100,2005-09-16 00:00:00,Up
6250,195932800,2005-09-19 00:00:00,Up
6251,204957200,2005-09-20 00:00:00,Up
6253,115931900,2005-09-22 00:00:00,Up
6254,139614300,2005-09-23 00:00:00,Up
6258,159211500,2005-09-29 00:00:00,Up
6259,132908300,2005-09-30 00:00:00,Up
6260,126888300,2005-10-03 00:00:00,Up
6266,306471200,2005-10-11 00:00:00,Up
6267,674371600,2005-10-12 00:00:00,Up
6268,466393900,2005-10-13 00:00:00,Up
6272,252170800,2005-10-19 00:00:00,Up
6273,339440500,2005-10-20 00:00:00,Up
6275,152438300,2005-10-24 00:00:00,Up
6277,157898300,2005-10-26 00:00:00,Up
6280,235211200,2005-10-31 00:00:00,Up
6281,187421500,2005-11-01 00:00:00,Up
6282,214265100,2005-11-02 00:00:00,Up
6283,221095700,2005-11-03 00:00:00,Up
6284,219508800,2005-11-04 00:00:00,Up
6287,138232500,2005-11-09 00:00:00,Up
6288,166336100,2005-11-10 00:00:00,Up
6289,106362200,2005-11-11 00:00:00,Up
6291,134210300,2005-11-15 00:00:00,Up
6292,196128800,2005-11-16 00:00:00,Up
6295,127927800,2005-11-21 00:00:00,Up
6296,135070600,2005-11-22 00:00:00,Up
6297,121463300,2005-11-23 00:00:00,Up
6298,98753200,2005-11-25 00:00:00,Up
6302,203223300,2005-12-01 00:00:00,Up
6303,223940500,2005-12-02 00:00:00,Up
6305,214257400,2005-12-06 00:00:00,Up
6307,197619800,2005-12-08 00:00:00,Up
6308,138850600,2005-12-09 00:00:00,Up
6309,131248600,2005-12-12 00:00:00,Up
6310,123454100,2005-12-13 00:00:00,Up
6314,132323800,2005-12-19 00:00:00,Up
6315,119777000,2005-12-20 00:00:00,Up
6316,118934200,2005-12-21 00:00:00,Up
6317,92652700,2005-12-22 00:00:00,Up
6319,147647500,2005-12-27 00:00:00,Up
6322,156065700,2005-12-30 00:00:00,Up
6323,201808600,2006-01-03 00:00:00,Up
6326,176114400,2006-01-06 00:00:00,Up
6328,569967300,2006-01-10 00:00:00,Up
6329,373448600,2006-01-11 00:00:00,Up
6331,194076400,2006-01-13 00:00:00,Up
6336,264932500,2006-01-23 00:00:00,Up
6341,349600300,2006-01-30 00:00:00,Up
6342,228385500,2006-01-31 00:00:00,Up
6343,130296600,2006-02-01 00:00:00,Up
6348,238278600,2006-02-08 00:00:00,Up
6350,440119400,2006-02-10 00:00:00,Up
6352,290234700,2006-02-14 00:00:00,Up
6353,289942800,2006-02-15 00:00:00,Up
6354,237043800,2006-02-16 00:00:00,Up
6357,244559700,2006-02-22 00:00:00,Up
6362,190954400,2006-03-01 00:00:00,Up
6363,156318400,2006-03-02 00:00:00,Up
6366,218219400,2006-03-07 00:00:00,Up
6370,215296900,2006-03-13 00:00:00,Up
6371,160505100,2006-03-14 00:00:00,Up
6376,336341600,2006-03-21 00:00:00,Up
6382,586708500,2006-03-29 00:00:00,Up
6387,558352200,2006-04-05 00:00:00,Up
6388,665942200,2006-04-06 00:00:00,Up
6393,183669500,2006-04-13 00:00:00,Up
6395,198711100,2006-04-18 00:00:00,Up
6400,132265700,2006-04-25 00:00:00,Up
6401,177721600,2006-04-26 00:00:00,Up
6402,211486800,2006-04-27 00:00:00,Up
6403,190009400,2006-04-28 00:00:00,Up
6405,192915800,2006-05-02 00:00:00,Up
6408,140977900,2006-05-05 00:00:00,Up
6414,132294400,2006-05-15 00:00:00,Up
6416,188548500,2006-05-17 00:00:00,Up
6418,246466500,2006-05-19 00:00:00,Up
6421,229007800,2006-05-24 00:00:00,Up
6422,115843000,2006-05-25 00:00:00,Up
6426,235627000,2006-06-01 00:00:00,Up
6431,349370700,2006-06-08 00:00:00,Up
6434,270160800,2006-06-13 00:00:00,Up
6436,297595900,2006-06-15 00:00:00,Up
6440,215824000,2006-06-21 00:00:00,Up
6441,241408300,2006-06-22 00:00:00,Up
6446,218349600,2006-06-29 00:00:00,Up
6448,48692700,2006-07-03 00:00:00,Up
6453,206255700,2006-07-11 00:00:00,Up
6455,312476500,2006-07-13 00:00:00,Up
6457,256135600,2006-07-17 00:00:00,Up
6459,347685800,2006-07-19 00:00:00,Up
6461,222973100,2006-07-21 00:00:00,Up
6462,180714100,2006-07-24 00:00:00,Up
6463,147267400,2006-07-25 00:00:00,Up
6464,224606900,2006-07-26 00:00:00,Up
6466,172876900,2006-07-28 00:00:00,Up
6467,223210400,2006-07-31 00:00:00,Up
6469,137692100,2006-08-02 00:00:00,Up
6470,210261100,2006-08-03 00:00:00,Up
6471,463216600,2006-08-04 00:00:00,Up
6475,174440000,2006-08-10 00:00:00,Up
6476,194382300,2006-08-11 00:00:00,Up
6478,215338200,2006-08-15 00:00:00,Up
6479,195321000,2006-08-16 00:00:00,Up
6481,134088500,2006-08-18 00:00:00,Up
6483,144242000,2006-08-22 00:00:00,Up
6486,135989700,2006-08-25 00:00:00,Up
6490,143674300,2006-08-31 00:00:00,Up
6492,253114400,2006-09-05 00:00:00,Up
6494,316989400,2006-09-07 00:00:00,Up
6496,237281100,2006-09-11 00:00:00,Up
6498,286534500,2006-09-13 00:00:00,Up
6499,200432400,2006-09-14 00:00:00,Up
6501,176319500,2006-09-18 00:00:00,Up
6503,205697800,2006-09-20 00:00:00,Up
6506,214748100,2006-09-25 00:00:00,Up
6507,275737000,2006-09-26 00:00:00,Up
6513,207270700,2006-10-04 00:00:00,Up
6514,170970800,2006-10-05 00:00:00,Up
6516,109555600,2006-10-09 00:00:00,Up
6519,148213800,2006-10-12 00:00:00,Up
6521,127173200,2006-10-16 00:00:00,Up
6525,159853400,2006-10-20 00:00:00,Up
6526,208126800,2006-10-23 00:00:00,Up
6528,121303700,2006-10-25 00:00:00,Up
6529,108189200,2006-10-26 00:00:00,Up
6531,124979400,2006-10-30 00:00:00,Up
6534,116370800,2006-11-02 00:00:00,Up
6536,108644200,2006-11-06 00:00:00,Up
6537,131483100,2006-11-07 00:00:00,Up
6538,172729200,2006-11-08 00:00:00,Up
6539,230763400,2006-11-09 00:00:00,Up
6541,112668500,2006-11-13 00:00:00,Up
6542,147238700,2006-11-14 00:00:00,Up
6544,173485200,2006-11-16 00:00:00,Up
6545,116606000,2006-11-17 00:00:00,Up
6546,142698500,2006-11-20 00:00:00,Up
6547,155666700,2006-11-21 00:00:00,Up
6548,167985300,2006-11-22 00:00:00,Up
6549,129669400,2006-11-24 00:00:00,Up
6551,259043400,2006-11-28 00:00:00,Up
6559,196069300,2006-12-08 00:00:00,Up
6562,214263000,2006-12-13 00:00:00,Up
6566,227851400,2006-12-19 00:00:00,Up
6571,483938700,2006-12-27 00:00:00,Up
6572,279969200,2006-12-28 00:00:00,Up
6573,269107300,2006-12-29 00:00:00,Up
6575,211815100,2007-01-04 00:00:00,Up
6578,837324600,2007-01-09 00:00:00,Up
6579,738220000,2007-01-10 00:00:00,Up
6581,328172600,2007-01-12 00:00:00,Up
6582,311019100,2007-01-16 00:00:00,Up
6588,231953400,2007-01-24 00:00:00,Up
6593,214017300,2007-01-31 00:00:00,Up
6595,155382500,2007-02-02 00:00:00,Up
6598,266706300,2007-02-07 00:00:00,Up
6599,169757700,2007-02-08 00:00:00,Up
6601,181017900,2007-02-12 00:00:00,Up
6603,126995400,2007-02-14 00:00:00,Up
6606,154425600,2007-02-20 00:00:00,Up
6607,288828400,2007-02-21 00:00:00,Up
6612,229868800,2007-02-28 00:00:00,Up
6613,353882200,2007-03-01 00:00:00,Up
6615,209724900,2007-03-05 00:00:00,Up
6616,180796700,2007-03-06 00:00:00,Up
6620,182352100,2007-03-12 00:00:00,Up
6622,199146500,2007-03-14 00:00:00,Up
6624,142926000,2007-03-16 00:00:00,Up
6625,178240300,2007-03-19 00:00:00,Up
6626,122229100,2007-03-20 00:00:00,Up
6627,171724000,2007-03-21 00:00:00,Up
6628,140373100,2007-03-22 00:00:00,Up
6629,112721000,2007-03-23 00:00:00,Up
6630,216246800,2007-03-26 00:00:00,Up
6636,145983600,2007-04-03 00:00:00,Up
6638,88879000,2007-04-05 00:00:00,Up
6640,88116700,2007-04-10 00:00:00,Up
6642,164168900,2007-04-12 00:00:00,Up
6644,152258400,2007-04-16 00:00:00,Up
6646,116011000,2007-04-18 00:00:00,Up
6647,106478400,2007-04-19 00:00:00,Up
6648,130694900,2007-04-20 00:00:00,Up
6649,195072500,2007-04-23 00:00:00,Up
6651,296786000,2007-04-25 00:00:00,Up
6653,174850900,2007-04-27 00:00:00,Up
6656,126286300,2007-05-02 00:00:00,Up
6658,95496800,2007-05-04 00:00:00,Up
6659,215389300,2007-05-07 00:00:00,Up
6660,195999300,2007-05-08 00:00:00,Up
6661,179439400,2007-05-09 00:00:00,Up
6662,299314400,2007-05-10 00:00:00,Up
6663,163424100,2007-05-11 00:00:00,Up
6667,183822800,2007-05-17 00:00:00,Up
6669,159973100,2007-05-21 00:00:00,Up
6670,143102400,2007-05-22 00:00:00,Up
6673,158239900,2007-05-25 00:00:00,Up
6675,369611200,2007-05-30 00:00:00,Up
6676,324266600,2007-05-31 00:00:00,Up
6678,221668300,2007-06-04 00:00:00,Up
6679,230196400,2007-06-05 00:00:00,Up
6680,278060300,2007-06-06 00:00:00,Up
6684,356641600,2007-06-12 00:00:00,Up
6686,243316500,2007-06-14 00:00:00,Up
6688,227651200,2007-06-18 00:00:00,Up
6691,216761300,2007-06-21 00:00:00,Up
6695,243674200,2007-06-27 00:00:00,Up
6697,284460400,2007-06-29 00:00:00,Up
6698,248715600,2007-07-02 00:00:00,Up
6699,290620400,2007-07-03 00:00:00,Up
6700,363262900,2007-07-05 00:00:00,Up
6703,313751900,2007-07-10 00:00:00,Up
6704,205443000,2007-07-11 00:00:00,Up
6705,176152200,2007-07-12 00:00:00,Up
6706,226901500,2007-07-13 00:00:00,Up
6708,177489900,2007-07-17 00:00:00,Up
6711,291943400,2007-07-20 00:00:00,Up
6712,259122500,2007-07-23 00:00:00,Up
6715,546657300,2007-07-26 00:00:00,Up
6719,437539200,2007-08-01 00:00:00,Up
6722,231292600,2007-08-06 00:00:00,Up
6723,237484100,2007-08-07 00:00:00,Up
6726,352687300,2007-08-10 00:00:00,Up
6730,466672500,2007-08-16 00:00:00,Up
6731,298765600,2007-08-17 00:00:00,Up
6733,325761800,2007-08-21 00:00:00,Up
6734,265441400,2007-08-22 00:00:00,Up
6736,227958500,2007-08-24 00:00:00,Up
6739,291715200,2007-08-29 00:00:00,Up
6740,358895600,2007-08-30 00:00:00,Up
6742,329210700,2007-09-04 00:00:00,Up
6748,255692500,2007-09-12 00:00:00,Up
6750,151830000,2007-09-14 00:00:00,Up
6752,266022400,2007-09-18 00:00:00,Up
6754,172960200,2007-09-20 00:00:00,Up
6755,284720100,2007-09-21 00:00:00,Up
6756,263040400,2007-09-24 00:00:00,Up
6757,298137700,2007-09-25 00:00:00,Up
6759,164549700,2007-09-27 00:00:00,Up
6760,153775300,2007-09-28 00:00:00,Up
6761,209267100,2007-10-01 00:00:00,Up
6762,198017400,2007-10-02 00:00:00,Up
6763,173129600,2007-10-03 00:00:00,Up
6765,235867800,2007-10-05 00:00:00,Up
6766,208982200,2007-10-08 00:00:00,Up
6770,247044000,2007-10-12 00:00:00,Up
6772,266957600,2007-10-16 00:00:00,Up
6773,281903300,2007-10-17 00:00:00,Up
6774,205919000,2007-10-18 00:00:00,Up
6776,412374900,2007-10-22 00:00:00,Up
6778,322120400,2007-10-24 00:00:00,Up
6782,234853500,2007-10-30 00:00:00,Up
6783,208327700,2007-10-31 00:00:00,Up
6786,201044200,2007-11-05 00:00:00,Up
6787,238681800,2007-11-06 00:00:00,Up
6792,434861700,2007-11-13 00:00:00,Up
6795,345873500,2007-11-16 00:00:00,Up
6797,385910700,2007-11-20 00:00:00,Up
6798,304452400,2007-11-21 00:00:00,Up
6802,287728000,2007-11-28 00:00:00,Up
6803,262731700,2007-11-29 00:00:00,Up
6806,193449900,2007-12-04 00:00:00,Up
6807,223100500,2007-12-05 00:00:00,Up
6808,224952700,2007-12-06 00:00:00,Up
6809,266516600,2007-12-07 00:00:00,Up
6810,180594400,2007-12-10 00:00:00,Up
6813,216154400,2007-12-13 00:00:00,Up
6814,168578200,2007-12-14 00:00:00,Up
6817,206869600,2007-12-19 00:00:00,Up
6818,193514300,2007-12-20 00:00:00,Up
6819,248490200,2007-12-21 00:00:00,Up
6820,120050700,2007-12-24 00:00:00,Up
6830,453470500,2008-01-09 00:00:00,Up
6831,370743800,2008-01-10 00:00:00,Up
6833,275112600,2008-01-14 00:00:00,Up
6838,608688500,2008-01-22 00:00:00,Up
6839,843242400,2008-01-23 00:00:00,Up
6842,368711000,2008-01-28 00:00:00,Up
6843,274995700,2008-01-29 00:00:00,Up
6844,310762900,2008-01-30 00:00:00,Up
6845,336418600,2008-01-31 00:00:00,Up
6850,520832900,2008-02-07 00:00:00,Up
6851,338993200,2008-02-08 00:00:00,Up
6852,300358100,2008-02-11 00:00:00,Up
6854,242133500,2008-02-13 00:00:00,Up
6858,241859800,2008-02-20 00:00:00,Up
6861,314193600,2008-02-25 00:00:00,Up
6862,376222000,2008-02-26 00:00:00,Up
6863,368784500,2008-02-27 00:00:00,Up
6864,404563600,2008-02-28 00:00:00,Up
6867,446345900,2008-03-04 00:00:00,Up
6868,305459000,2008-03-05 00:00:00,Up
6870,307615700,2008-03-07 00:00:00,Up
6872,290985800,2008-03-11 00:00:00,Up
6874,315525700,2008-03-13 00:00:00,Up
6876,268149700,2008-03-17 00:00:00,Up
6877,301280000,2008-03-18 00:00:00,Up
6879,227196900,2008-03-20 00:00:00,Up
6880,266730100,2008-03-24 00:00:00,Up
6881,263097800,2008-03-25 00:00:00,Up
6882,295521100,2008-03-26 00:00:00,Up
6884,178652600,2008-03-28 00:00:00,Up
6885,192016300,2008-03-31 00:00:00,Up
6886,258141800,2008-04-01 00:00:00,Up
6888,262892000,2008-04-03 00:00:00,Up
6889,213604300,2008-04-04 00:00:00,Up
6893,238940800,2008-04-10 00:00:00,Up
6895,211271900,2008-04-14 00:00:00,Up
6897,198943500,2008-04-16 00:00:00,Up
6898,176066800,2008-04-17 00:00:00,Up
6899,256691400,2008-04-18 00:00:00,Up
6900,259788200,2008-04-21 00:00:00,Up
6903,424016600,2008-04-24 00:00:00,Up
6905,196803600,2008-04-28 00:00:00,Up
6906,230869100,2008-04-29 00:00:00,Up
6908,225894200,2008-05-01 00:00:00,Up
6909,251520500,2008-05-02 00:00:00,Up
6910,213639300,2008-05-05 00:00:00,Up
6911,229717600,2008-05-06 00:00:00,Up
6913,224771400,2008-05-08 00:00:00,Up
6914,168268100,2008-05-09 00:00:00,Up
6915,204640800,2008-05-12 00:00:00,Up
6916,205809100,2008-05-13 00:00:00,Up
6918,218302000,2008-05-15 00:00:00,Up
6921,242462500,2008-05-20 00:00:00,Up
6924,226729300,2008-05-23 00:00:00,Up
6925,197476300,2008-05-27 00:00:00,Up
6928,152546100,2008-05-30 00:00:00,Up
6931,181745900,2008-06-04 00:00:00,Up
6932,188861400,2008-06-05 00:00:00,Up
6935,285235300,2008-06-10 00:00:00,Up
6938,336489300,2008-06-13 00:00:00,Up
6939,262932600,2008-06-16 00:00:00,Up
6940,224914200,2008-06-17 00:00:00,Up
6942,197987300,2008-06-19 00:00:00,Up
6945,155486800,2008-06-24 00:00:00,Up
6946,161112700,2008-06-25 00:00:00,Up
6948,260562400,2008-06-27 00:00:00,Up
6950,277820200,2008-07-01 00:00:00,Up
6952,130840500,2008-07-03 00:00:00,Up
6953,205097900,2008-07-07 00:00:00,Up
6954,222087600,2008-07-08 00:00:00,Up
6956,210172200,2008-07-10 00:00:00,Up
6960,186947600,2008-07-16 00:00:00,Up
6964,469898100,2008-07-22 00:00:00,Up
6965,265442100,2008-07-23 00:00:00,Up
6967,158409300,2008-07-25 00:00:00,Up
6969,171017700,2008-07-29 00:00:00,Up
6970,181295800,2008-07-30 00:00:00,Up
6971,159374600,2008-07-31 00:00:00,Up
6974,172092900,2008-08-05 00:00:00,Up
6975,197852200,2008-08-06 00:00:00,Up
6976,168093100,2008-08-07 00:00:00,Up
6977,178499300,2008-08-08 00:00:00,Up
6978,222826100,2008-08-11 00:00:00,Up
6979,209069700,2008-08-12 00:00:00,Up
6980,210586600,2008-08-13 00:00:00,Up
6981,177825200,2008-08-14 00:00:00,Up
6985,126737800,2008-08-20 00:00:00,Up
6987,109902800,2008-08-22 00:00:00,Up
6989,111387500,2008-08-26 00:00:00,Up
6990,119445200,2008-08-27 00:00:00,Up
6994,183708700,2008-09-03 00:00:00,Up
6996,196721000,2008-09-05 00:00:00,Up
7000,242783800,2008-09-11 00:00:00,Up
7003,299959100,2008-09-16 00:00:00,Up
7005,419063400,2008-09-18 00:00:00,Up
7009,261753800,2008-09-24 00:00:00,Up
7010,251511400,2008-09-25 00:00:00,Up
7011,281612800,2008-09-26 00:00:00,Up
7013,406670600,2008-09-30 00:00:00,Up
7017,526854300,2008-10-06 00:00:00,Up
7019,551935300,2008-10-08 00:00:00,Up
7021,554824900,2008-10-10 00:00:00,Up
7022,384769000,2008-10-13 00:00:00,Up
7025,495130300,2008-10-16 00:00:00,Up
7030,418857600,2008-10-23 00:00:00,Up
7031,397514600,2008-10-24 00:00:00,Up
7033,408533300,2008-10-28 00:00:00,Up
7034,487744600,2008-10-29 00:00:00,Up
7035,409522400,2008-10-30 00:00:00,Up
7036,414939000,2008-10-31 00:00:00,Up
7037,264484500,2008-11-03 00:00:00,Up
7038,349670300,2008-11-04 00:00:00,Up
7045,463521800,2008-11-13 00:00:00,Up
7048,302423800,2008-11-18 00:00:00,Up
7051,392317800,2008-11-21 00:00:00,Up
7052,360564400,2008-11-24 00:00:00,Up
7054,224959000,2008-11-26 00:00:00,Up
7057,287180600,2008-12-02 00:00:00,Up
7058,334670000,2008-12-03 00:00:00,Up
7060,260948800,2008-12-05 00:00:00,Up
7061,296285500,2008-12-08 00:00:00,Up
7062,300874000,2008-12-09 00:00:00,Up
7063,234511900,2008-12-10 00:00:00,Up
7065,260293600,2008-12-12 00:00:00,Up
7067,273376600,2008-12-16 00:00:00,Up
7069,214354000,2008-12-18 00:00:00,Up
7070,200480000,2008-12-19 00:00:00,Up
7075,171500000,2008-12-29 00:00:00,Up
7078,186503800,2009-01-02 00:00:00,Up
7079,295402100,2009-01-05 00:00:00,Up
7082,168375200,2009-01-08 00:00:00,Up
7087,457908500,2009-01-15 00:00:00,Up
7090,272317500,2009-01-21 00:00:00,Up
7091,352382100,2009-01-22 00:00:00,Up
7092,190942500,2009-01-23 00:00:00,Up
7093,173059600,2009-01-26 00:00:00,Up
7094,154509600,2009-01-27 00:00:00,Up
7095,215351500,2009-01-28 00:00:00,Up
7098,139561800,2009-02-02 00:00:00,Up
7099,149827300,2009-02-03 00:00:00,Up
7100,202105400,2009-02-04 00:00:00,Up
7101,187311600,2009-02-05 00:00:00,Up
7102,171802400,2009-02-06 00:00:00,Up
7103,178752700,2009-02-09 00:00:00,Up
7105,168743400,2009-02-11 00:00:00,Up
7106,204297100,2009-02-12 00:00:00,Up
7107,152244400,2009-02-13 00:00:00,Up
7111,187579000,2009-02-20 00:00:00,Up
7113,201776400,2009-02-24 00:00:00,Up
7114,208263300,2009-02-25 00:00:00,Up
7116,176664600,2009-02-27 00:00:00,Up
7119,185350900,2009-03-04 00:00:00,Up
7123,211064700,2009-03-10 00:00:00,Up
7124,211593200,2009-03-11 00:00:00,Up
7125,192114300,2009-03-12 00:00:00,Up
7128,196661500,2009-03-17 00:00:00,Up
7129,199009300,2009-03-18 00:00:00,Up
7132,166599300,2009-03-23 00:00:00,Up
7133,160153000,2009-03-24 00:00:00,Up
7135,154063000,2009-03-26 00:00:00,Up
7139,147343000,2009-04-01 00:00:00,Up
7140,203091700,2009-04-02 00:00:00,Up
7141,159060300,2009-04-03 00:00:00,Up
7142,164516100,2009-04-06 00:00:00,Up
7144,113907500,2009-04-08 00:00:00,Up
7145,132689200,2009-04-09 00:00:00,Up
7146,97309100,2009-04-13 00:00:00,Up
7148,103220600,2009-04-15 00:00:00,Up
7149,148361500,2009-04-16 00:00:00,Up
7150,124373900,2009-04-17 00:00:00,Up
7152,117671400,2009-04-21 00:00:00,Up
7156,120172500,2009-04-27 00:00:00,Up
7157,113964200,2009-04-28 00:00:00,Up
7158,114527700,2009-04-29 00:00:00,Up
7160,99379000,2009-05-01 00:00:00,Up
7161,152339600,2009-05-04 00:00:00,Up
7162,99563800,2009-05-05 00:00:00,Up
7165,116991000,2009-05-08 00:00:00,Up
7166,101164700,2009-05-11 00:00:00,Up
7169,111956600,2009-05-14 00:00:00,Up
7170,91891800,2009-05-15 00:00:00,Up
7171,114710400,2009-05-18 00:00:00,Up
7172,93105600,2009-05-19 00:00:00,Up
7176,159231800,2009-05-26 00:00:00,Up
7177,161605500,2009-05-27 00:00:00,Up
7178,121888200,2009-05-28 00:00:00,Up
7179,114133600,2009-05-29 00:00:00,Up
7180,113124900,2009-06-01 00:00:00,Up
7181,114055900,2009-06-02 00:00:00,Up
7182,141299900,2009-06-03 00:00:00,Up
7183,137658500,2009-06-04 00:00:00,Up
7185,232913100,2009-06-08 00:00:00,Up
7188,131205900,2009-06-11 00:00:00,Up
7190,134937600,2009-06-15 00:00:00,Up
7194,180464200,2009-06-19 00:00:00,Up
7197,121381400,2009-06-24 00:00:00,Up
7198,147361900,2009-06-25 00:00:00,Up
7199,109846100,2009-06-26 00:00:00,Up
7206,143982300,2009-07-08 00:00:00,Up
7208,111318900,2009-07-10 00:00:00,Up
7209,120875300,2009-07-13 00:00:00,Up
7210,86811900,2009-07-14 00:00:00,Up
7211,121396800,2009-07-15 00:00:00,Up
7212,98392700,2009-07-16 00:00:00,Up
7213,150538500,2009-07-17 00:00:00,Up
7217,131740700,2009-07-23 00:00:00,Up
7218,109590600,2009-07-24 00:00:00,Up
7220,90888700,2009-07-28 00:00:00,Up
7221,95539500,2009-07-29 00:00:00,Up
7222,117401200,2009-07-30 00:00:00,Up
7223,105634200,2009-07-31 00:00:00,Up
7224,98560000,2009-08-03 00:00:00,Up
7225,98952700,2009-08-04 00:00:00,Up
7228,96838700,2009-08-07 00:00:00,Up
7231,111267800,2009-08-12 00:00:00,Up
7232,109995200,2009-08-13 00:00:00,Up
7235,107788100,2009-08-18 00:00:00,Up
7236,103317900,2009-08-19 00:00:00,Up
7237,85507800,2009-08-20 00:00:00,Up
7238,104018600,2009-08-21 00:00:00,Up
7242,112295400,2009-08-27 00:00:00,Up
7244,77834400,2009-08-31 00:00:00,Up
7246,91062300,2009-09-02 00:00:00,Up
7247,73488800,2009-09-03 00:00:00,Up
7248,93657200,2009-09-04 00:00:00,Up
7251,122783500,2009-09-10 00:00:00,Up
7253,80502800,2009-09-14 00:00:00,Up
7254,106617700,2009-09-15 00:00:00,Up
7255,188505800,2009-09-16 00:00:00,Up
7256,202643000,2009-09-17 00:00:00,Up
7260,148390900,2009-09-23 00:00:00,Up
7262,111309800,2009-09-25 00:00:00,Up
7263,84361200,2009-09-28 00:00:00,Up
7267,138327000,2009-10-02 00:00:00,Up
7269,151271400,2009-10-06 00:00:00,Up
7270,116417000,2009-10-07 00:00:00,Up
7272,73318000,2009-10-09 00:00:00,Up
7276,93389100,2009-10-15 00:00:00,Up
7278,235557700,2009-10-19 00:00:00,Up
7280,298431700,2009-10-21 00:00:00,Up
7281,197848000,2009-10-22 00:00:00,Up
7286,142567600,2009-10-29 00:00:00,Up
7289,130635400,2009-11-03 00:00:00,Up
7290,121882600,2009-11-04 00:00:00,Up
7291,96200300,2009-11-05 00:00:00,Up
7292,73774400,2009-11-06 00:00:00,Up
7293,132213900,2009-11-09 00:00:00,Up
7294,100298800,2009-11-10 00:00:00,Up
7297,85810200,2009-11-13 00:00:00,Up
7298,121301600,2009-11-16 00:00:00,Up
7299,99128400,2009-11-17 00:00:00,Up
7302,101666600,2009-11-20 00:00:00,Up
7303,118724200,2009-11-23 00:00:00,Up
7306,73814300,2009-11-27 00:00:00,Up
7313,172599700,2009-12-08 00:00:00,Up
7314,171195500,2009-12-09 00:00:00,Up
7317,123947600,2009-12-14 00:00:00,Up
7321,152192600,2009-12-18 00:00:00,Up
7322,152976600,2009-12-21 00:00:00,Up
7323,87378900,2009-12-22 00:00:00,Up
7324,86381400,2009-12-23 00:00:00,Up
7325,125222300,2009-12-24 00:00:00,Up
7328,103021100,2009-12-30 00:00:00,Up
